City_ID,City,Lat,Lng,Max Temp,Humidity,Cloudiness,Wind Speed,Country,Date
0,puerto ayora,-0.7393,-90.3518,299.01,95,87,1.79,EC,1711768834
1,blackmans bay,-43.0167,147.3167,291.22,75,96,0.45,AU,1711768835
2,tayshet,55.9342,98.0044,274.98,99,100,2.74,RU,1711768835
3,bredasdorp,-34.5322,20.0403,290.08,90,68,4.37,ZA,1711768835
4,saipan,15.1355,145.701,300.54,89,100,5.66,MP,1711768835
5,port-aux-francais,-49.35,70.2167,281.88,97,100,13.32,TF,1711768836
6,georgetown,5.4112,100.3354,300.11,89,40,1.03,MY,1711768681
7,tual,-5.6667,132.75,301.77,71,77,2.69,ID,1711768836
8,waitangi,-43.9535,-176.5597,286.38,89,93,3.58,NZ,1711768836
9,tafuna,-14.3358,-170.72,304.12,74,75,2.06,AS,1711768837
10,palmas,-10.2128,-48.3603,298.08,94,75,1.03,BR,1711768615
11,mahibadhoo,3.7833,72.9667,302.18,73,85,2.82,MV,1711768837
12,avarua,-21.2078,-159.775,303.18,74,75,4.63,CK,1711768837
13,wad rawah,15.1603,33.1397,300.02,13,56,6.8,SD,1711768838
14,thompson,55.7435,-97.8558,270.24,43,100,2.06,CA,1711768601
15,tiksi,71.6872,128.8694,250.08,87,100,4.77,RU,1711768838
16,adamstown,-25.066,-130.1015,296.36,71,73,12.51,PN,1711768838
17,crane,31.3974,-102.3501,294.65,41,91,7.15,US,1711768838
18,grytviken,-54.2811,-36.5092,276.45,68,23,5.68,GS,1711768839
19,yellowknife,62.456,-114.3525,260.44,66,75,3.09,CA,1711768839
20,souillac,-20.5167,57.5167,298.9,94,75,2.06,MU,1711768839
21,uturoa,-16.7333,-151.4333,301.72,75,92,9.73,PF,1711768839
22,puerto natales,-51.7236,-72.4875,276.28,84,48,4.91,CL,1711768840
23,ulladulla,-35.35,150.4667,303.58,60,0,2.81,AU,1711768840
24,lompoc,34.6391,-120.4579,285.38,85,100,5.14,US,1711768840
25,leer,53.2316,7.461,283.68,88,100,2.04,DE,1711768840
26,bayan,46.0833,127.4,273.78,56,100,5.29,CN,1711768841
27,diapaga,12.0708,1.7889,303.86,9,100,2.36,BF,1711768841
28,kapa'a,22.0752,-159.319,300.14,80,75,7.72,US,1711768841
29,vorgashor,67.5833,63.95,262.54,96,100,2.12,RU,1711768841
30,olonkinbyen,70.9221,-8.7187,266.42,70,100,8.84,SJ,1711768841
31,edinburgh of the seven seas,-37.0676,-12.3116,289.11,71,10,8.91,SH,1711768842
32,hamilton,39.1834,-84.5333,288.58,54,20,2.06,US,1711768133
33,warren,39.4334,-84.1666,287.51,67,100,2.57,US,1711768548
34,vilyuysk,63.7553,121.6247,257.59,83,70,1.79,RU,1711768842
35,panaba,21.2833,-88.2667,293.79,66,0,4.05,MX,1711768843
36,afaahiti,-17.75,-149.2833,303.08,79,99,8.22,PF,1711768843
37,albany,42.6001,-73.9662,276.13,66,13,1.79,US,1711768843
38,chonchi,-42.6128,-73.8092,281.71,92,88,1.03,CL,1711768843
39,ilulissat,69.2167,-51.1,258.16,78,40,1.54,GL,1711768844
40,escarcega,18.6089,-90.7454,292.97,77,3,1.58,MX,1711768844
41,la libertad,-2.2333,-80.9,297.41,79,96,1.47,EC,1711768844
42,talnakh,69.4865,88.3972,264.13,93,100,9.56,RU,1711768844
43,isafjordur,66.0755,-23.124,270.73,90,94,14.08,IS,1711768819
44,merizo village,13.2658,144.6691,305.46,83,58,6.71,GU,1711768845
45,port elizabeth,-33.918,25.5701,292.09,98,40,4.12,ZA,1711768845
46,iqaluit,63.7506,-68.5145,265.0,67,100,4.12,CA,1711768845
47,naze,28.3667,129.4833,293.66,60,100,2.84,JP,1711768845
48,utrik,11.2278,169.8474,300.17,78,78,8.04,MH,1711768846
49,ust-nera,64.5667,143.2,269.4,86,100,2.46,RU,1711768846
50,papatowai,-46.5619,169.4708,287.72,67,34,2.62,NZ,1711768846
51,constantia,44.1833,28.65,284.53,65,97,2.37,RO,1711768653
52,st. john's,47.5649,-52.7093,283.81,98,100,7.72,CA,1711768660
53,hilo,19.7297,-155.09,298.31,91,100,3.6,US,1711768684
54,auki,-8.7676,160.7034,299.77,88,100,3.1,SB,1711768847
55,ketchikan,55.3422,-131.6461,282.41,43,0,2.57,US,1711768847
56,lihue,21.9789,-159.3672,299.73,80,75,7.72,US,1711768847
57,invercargill,-46.4,168.35,287.6,79,44,3.58,NZ,1711768713
58,nemuro,43.3236,145.575,278.5,75,5,11.02,JP,1711768847
59,tazacorte,28.629,-17.9293,290.69,92,75,2.06,ES,1711768848
60,haverfordwest,51.8017,-4.9691,282.9,92,7,5.9,GB,1711768598
61,jamestown,42.097,-79.2353,274.92,72,0,4.12,US,1711768645
62,kone,-21.0595,164.8658,301.4,48,0,5.48,NC,1711768848
63,college,64.8569,-147.8028,279.33,40,75,4.12,US,1711768848
64,kapuskasing,49.4169,-82.4331,269.2,74,75,3.6,CA,1711768848
65,esmeralda,21.8525,-78.1169,295.71,55,37,4.24,CU,1711768849
66,hawaiian paradise park,19.5933,-154.9731,295.95,89,100,3.6,US,1711768849
67,trincomalee,8.5711,81.2335,300.69,76,6,2.19,LK,1711768804
68,shantobe,52.4581,68.1839,268.2,88,99,6.4,KZ,1711768822
69,vila franca do campo,37.7167,-25.4333,288.38,86,100,7.33,PT,1711768850
70,bilibino,68.0546,166.4372,261.65,87,100,1.28,RU,1711768850
71,trairi,-3.2778,-39.2689,298.53,94,34,2.04,BR,1711768796
72,dudinka,69.4058,86.1778,265.19,93,100,11.18,RU,1711768692
73,klyuchi,52.2667,79.1667,277.94,89,99,6.23,RU,1711768851
74,quesnel,52.9999,-122.5029,274.43,51,0,2.31,CA,1711768812
75,manokwari,-0.8667,134.0833,302.47,72,100,3.73,ID,1711768851
76,jwaneng,-24.6004,24.7303,292.85,47,86,4.18,BW,1711768852
77,wailua homesteads,22.0669,-159.378,299.39,81,75,7.72,US,1711768852
78,plouzane,48.3833,-4.6167,279.18,90,0,3.09,FR,1711768852
79,enewetak,11.3474,162.3373,300.35,81,100,9.4,MH,1711768852
80,solnechnyy,50.7214,136.6319,272.06,87,100,1.98,RU,1711768853
81,coquimbo,-29.9533,-71.3436,290.49,89,45,2.42,CL,1711768654
82,kavieng,-2.5744,150.7967,301.06,78,100,4.61,PG,1711768853
83,nchelenge,-9.3451,28.734,293.39,90,100,1.2,ZM,1711768854
84,whitehorse,60.7161,-135.0538,277.6,36,75,5.66,CA,1711768802
85,ribeira grande,38.5167,-28.7,289.14,84,99,8.49,PT,1711768854
86,ushuaia,-54.8,-68.3,273.96,93,75,7.2,AR,1711768854
87,antsiranana,-12.2787,49.2917,297.57,100,75,0.0,MG,1711768855
88,rongelap,11.1635,166.8941,300.43,72,65,8.76,MH,1711768855
89,fort pierce south,27.4096,-80.3548,295.36,63,0,3.13,US,1711768855
90,ancud,-41.8697,-73.8203,283.14,84,28,3.0,CL,1711768856
91,arraial do cabo,-22.9661,-42.0278,297.34,92,100,6.07,BR,1711768558
92,saudarkrokur,65.7461,-19.6394,270.41,84,100,9.37,IS,1711768856
93,longyearbyen,78.2186,15.6401,256.06,66,40,9.77,SJ,1711768857
94,sitka,57.0531,-135.33,280.09,65,100,3.6,US,1711768579
95,lebu,-37.6167,-73.65,285.59,79,63,8.81,CL,1711768648
96,dryden,49.7833,-92.7503,271.31,93,75,2.06,CA,1711768858
97,tulu bolo,8.6667,38.2167,288.64,83,99,1.16,ET,1711768581
98,yarmouth,41.7057,-70.2286,280.18,64,0,8.05,US,1711768859
99,as sulayyil,20.4607,45.5779,293.29,26,42,4.24,SA,1711768859
100,kodiak,57.79,-152.4072,280.88,66,0,1.54,US,1711768808
101,east ballina,-28.8667,153.5833,298.04,63,67,5.12,AU,1711768860
102,vertientes,21.2594,-78.1464,293.49,64,0,5.92,CU,1711768604
103,rulenge,-2.7175,30.6325,289.29,96,73,0.72,TZ,1711768860
104,north madison,38.7678,-85.3966,287.53,43,0,1.54,US,1711768860
105,miquelon,47.0975,-56.3814,278.15,100,100,11.57,PM,1711768861
106,berezna,51.5716,31.7846,278.05,83,9,2.97,UA,1711768852
107,oakdale,44.963,-92.9649,279.65,59,100,0.89,US,1711768813
108,rehoboth,-23.3167,17.0833,294.77,52,67,0.77,NA,1711768861
109,namibe,-15.1961,12.1522,296.5,86,100,1.58,AO,1711768862
110,tindouf,27.6711,-8.1474,285.4,66,0,6.17,DZ,1711768862
111,ca mau,9.1769,105.15,307.08,49,56,5.28,VN,1711768862
112,kabansk,52.0486,106.6528,267.64,60,100,2.42,RU,1711768863
113,kedougou,12.5579,-12.1743,302.91,22,100,1.73,SN,1711768863
114,lata,40.1629,-8.3327,281.99,96,100,2.22,PT,1711768863
115,bethel,41.3712,-73.414,277.79,58,0,5.14,US,1711768863
116,hasaki,35.7333,140.8333,296.37,60,0,3.26,JP,1711768864
117,badger,64.8,-147.5333,279.29,44,75,4.12,US,1711768864
118,anadyr,64.75,177.4833,258.43,77,0,6.0,RU,1711768864
119,manado,1.487,124.8455,304.58,66,40,4.12,ID,1711768864
120,emerald,-23.5333,148.1667,304.45,35,7,6.41,AU,1711768864
121,isangel,-19.55,169.2667,299.28,59,1,6.9,VU,1711768864
122,wenchang,30.904,118.4887,299.08,46,100,2.91,CN,1711768865
123,tura,25.5198,90.2201,301.06,52,76,1.54,IN,1711768865
124,paducah,37.0834,-88.6001,291.27,45,0,2.57,US,1711768865
125,el calafate,-50.3408,-72.2768,276.21,69,23,3.49,AR,1711768859
126,stanley,54.868,-1.6985,278.55,91,0,2.06,GB,1711768866
127,andalgala,-27.5819,-66.3165,297.96,61,100,1.31,AR,1711768843
128,hithadhoo,-0.6,73.0833,302.54,72,100,3.61,MV,1711768866
129,aasiaat,68.7098,-52.8699,253.26,96,78,3.03,GL,1711768866
130,belmonte,-15.8631,-38.8828,299.08,85,29,0.82,BR,1711768866
131,margaret river,-33.95,115.0667,293.77,64,33,3.26,AU,1711768867
132,aykhal,66.0,111.5,257.63,87,92,8.83,RU,1711768867
133,diveyevo,55.0433,43.2418,276.42,99,100,3.17,RU,1711768867
134,yulinshi,38.2906,109.7494,286.51,23,3,2.75,CN,1711768867
135,miranda do douro,41.4969,-6.2731,277.77,94,100,5.33,PT,1711768868
136,vilyuchinsk,52.9306,158.4028,274.3,87,16,1.64,RU,1711768868
137,orsa,54.5153,30.4053,278.11,85,67,3.18,BY,1711768679
138,port mathurin,-19.6833,63.4167,299.86,84,99,5.51,MU,1711768868
139,bandon,51.7469,-8.7425,278.92,94,69,3.54,IE,1711768868
140,punta arenas,-53.15,-70.9167,277.21,81,40,8.23,CL,1711768624
141,udachny,66.4167,112.4,260.21,75,88,6.92,RU,1711768869
142,cartagena del chaira,1.3349,-74.8429,295.57,98,96,1.0,CO,1711768577
143,chuhuyiv,49.8359,36.688,282.53,83,92,4.6,UA,1711768869
144,edson,53.5835,-116.4356,269.23,54,0,1.03,CA,1711768808
145,akita,39.7167,140.1167,282.23,61,48,8.32,JP,1711768678
146,tazovsky,67.4667,78.7,256.78,98,97,2.72,RU,1711768870
147,west island,-12.1568,96.8225,303.14,66,100,5.14,CC,1711768870
148,sesheke,-17.4759,24.2968,293.18,92,100,1.9,ZM,1711768870
149,kandyagash,49.4744,57.4233,264.6,95,11,2.39,KZ,1711768607
150,alpena,45.0617,-83.4327,270.99,90,0,0.0,US,1711768870
151,moree,-29.4667,149.85,302.26,41,1,1.71,AU,1711768871
152,nova vicosa,-17.8919,-39.3719,299.07,89,20,2.03,BR,1711768743
153,egilsstadir,65.2653,-14.3948,272.1,86,100,12.86,IS,1711768871
154,san dionisio ocotepec,16.8,-96.4,291.7,49,55,1.48,MX,1711768871
155,hobyo,5.3505,48.5268,301.02,67,99,6.6,SO,1711768872
156,la sarre,48.8002,-79.1996,267.47,89,99,3.55,CA,1711768872
157,hermanus,-34.4187,19.2345,292.48,84,58,5.81,ZA,1711768872
158,vila velha,-20.3297,-40.2925,298.68,95,40,1.03,BR,1711768254
159,tucupita,9.0622,-62.051,297.58,85,94,1.61,VE,1711768872
160,el nido,11.1858,119.3956,302.35,67,77,5.9,PH,1711768873
161,tonsberg,59.2675,10.4076,279.02,99,100,2.06,NO,1711768589
162,whakatane,-37.9585,176.9854,291.97,65,54,4.47,NZ,1711768740
163,veseli nad moravou,48.9536,17.3765,287.09,79,0,5.54,CZ,1711768873
164,vittorio veneto,45.9767,12.3033,288.07,96,100,1.62,IT,1711768873
165,port saint john's,-31.6229,29.5448,293.51,82,99,1.73,ZA,1711768874
166,mount isa,-20.7333,139.5,304.02,62,75,5.66,AU,1711768874
167,turkmenbasy,40.0222,52.9552,285.58,40,0,6.17,TM,1711768874
168,san antonio de pale,-1.4014,5.6325,301.03,79,98,3.55,GQ,1711768700
169,vorkuta,67.5,64.0,262.77,96,100,2.2,RU,1711768741
170,akureyri,65.6835,-18.0878,272.11,74,100,8.75,IS,1711768874
171,christchurch,-43.5333,172.6333,290.32,65,100,5.14,NZ,1711768690
172,bilbays,30.4204,31.5622,290.61,95,0,2.07,EG,1711768875
173,bowen,-20.0167,148.2333,301.51,56,32,8.93,AU,1711768875
174,minas de marcona,-15.2119,-75.1103,291.67,86,38,4.5,PE,1711768876
175,reggane,26.7158,0.1714,292.94,19,0,3.61,DZ,1711768876
176,sisimiut,66.9395,-53.6735,263.87,77,41,3.9,GL,1711768615
177,nova sintra,14.8667,-24.7167,292.33,71,71,8.34,CV,1711768876
178,brokopondo,4.75,-55.1667,298.26,85,100,3.02,SR,1711768877
179,boa vista,2.8197,-60.6733,302.14,65,20,3.09,BR,1711768646
180,hirara,24.8,125.2833,298.07,94,75,2.57,JP,1711768877
181,greenland,43.0362,-70.8328,278.73,55,75,9.26,US,1711768767
182,colonia,50.9333,6.95,283.13,89,0,2.06,DE,1711768686
183,new ross,52.3967,-6.9367,281.53,1,68,3.06,IE,1711768878
184,oranjemund,-28.55,16.4333,288.96,89,0,1.07,NA,1711768878
185,karratha,-20.7377,116.8463,307.65,28,0,8.32,AU,1711768878
186,gohana,29.1333,76.7,301.94,32,57,4.19,IN,1711768879
187,yaren,-0.5472,166.916,301.66,80,79,6.46,NR,1711768879
188,cedeira,43.6797,-8.0209,281.94,76,100,4.13,ES,1711768879
189,walvis bay,-22.9575,14.5053,286.68,94,1,2.57,NA,1711768880
190,zavodskoy,43.4597,132.2922,279.92,25,45,4.0,RU,1711768880
191,el jadid,33.2549,-8.506,287.96,78,71,10.5,MA,1711768881
192,jutai,-5.1833,-68.9,297.53,91,100,0.28,BR,1711768881
193,cambria,35.5641,-121.0808,284.69,99,100,3.58,US,1711768881
194,kununurra,-15.7667,128.7333,308.14,52,75,3.09,AU,1711768878
195,laguna,38.421,-121.4238,284.2,80,0,9.77,US,1711768862
196,dolinsk,47.35,142.8,274.11,90,77,6.56,RU,1711768882
197,port alfred,-33.5906,26.891,292.37,84,91,7.33,ZA,1711768883
198,prado,-17.3411,-39.2208,298.53,92,24,1.3,BR,1711768883
199,costa rica,-23.4167,-54.65,296.36,69,65,2.89,BR,1711768883
200,newman,37.3138,-121.0208,284.42,92,100,1.79,US,1711768688
201,itoman,26.1247,127.6694,297.36,78,75,2.06,JP,1711768884
202,barra de santo antonio,-9.4047,-35.5072,300.75,78,57,4.24,BR,1711768725
203,ndola,-12.9587,28.6366,289.22,94,62,2.07,ZM,1711768885
204,weno,7.4515,151.8468,305.12,66,100,6.17,FM,1711768885
205,gazipasa,36.2694,32.3179,285.2,87,0,2.57,TR,1711768885
206,iskateley,67.6803,53.1512,253.16,98,27,3.58,RU,1711768885
207,vega de alatorre,20.0333,-96.6333,295.55,78,18,6.75,MX,1711768886
208,chibougamau,49.9168,-74.3659,268.94,58,100,6.17,CA,1711768886
209,khamis mushait,18.3064,42.7292,289.73,72,20,4.12,SA,1711768886
210,yesilli,37.3405,40.8256,285.93,75,62,3.34,TR,1711768886
211,tongliao,43.6125,122.2653,275.27,27,6,7.98,CN,1711768887
212,ola,59.5833,151.2833,271.68,74,100,0.62,RU,1711768887
213,usogorsk,63.4106,48.6872,271.3,95,100,1.47,RU,1711768887
214,matoury,4.8483,-52.3317,297.13,94,100,2.06,GF,1711768834
215,nikolayevsk-on-amure,53.1406,140.73,274.33,94,100,3.38,RU,1711768887
216,kota kinabalu,5.9749,116.0724,305.14,79,20,1.54,MY,1711768682
217,tiruvallur,13.15,79.9167,301.95,57,9,3.4,IN,1711768888
218,aroma,15.8167,36.1333,299.0,54,32,3.73,SD,1711768888
219,iskushuban,10.2837,50.23,295.53,84,95,2.22,SO,1711768888
220,montalvo,-1.8,-79.3333,299.11,86,100,0.76,EC,1711768888
221,sur,22.5667,59.5289,297.23,62,4,0.29,OM,1711768889
222,parys,48.8534,2.3488,281.25,94,100,3.09,FR,1711768669
223,ribeira brava,32.65,-17.0667,290.77,85,87,10.24,PT,1711768889
224,vryheid,-27.7695,30.7917,287.28,96,100,0.84,ZA,1711768889
225,tulun,54.5611,100.5792,271.34,90,100,2.35,RU,1711768889
226,broken hill,-31.95,141.4333,302.49,44,40,2.78,AU,1711768889
227,miri,4.4148,114.0089,306.23,66,40,2.06,MY,1711768890
228,olyokminsk,60.3736,120.4264,260.9,72,82,2.44,RU,1711768890
229,banes,20.9625,-75.7186,297.03,61,100,4.84,CU,1711768602
230,jassans-riottier,45.9835,4.76,291.05,43,100,3.13,FR,1711768890
231,fuerte olimpo,-21.0415,-57.8738,300.59,65,98,2.73,PY,1711768890
232,sarakhs,36.5449,61.1577,284.66,39,0,0.83,IR,1711768891
233,atafu village,-8.5421,-172.5159,302.53,73,46,3.08,TK,1711768891
234,saint joseph,39.7686,-94.8466,292.16,60,75,5.14,US,1711768885
235,azazga,36.7447,4.3722,283.8,71,43,1.2,DZ,1711768891
236,carnarvon,-24.8667,113.6333,302.47,40,82,3.94,AU,1711768891
237,lubango,-14.9172,13.4925,289.64,84,100,0.84,AO,1711768796
238,inhambane,-23.865,35.3833,295.07,88,19,3.25,MZ,1711768892
239,novyy urengoy,66.0833,76.6333,258.45,95,100,2.06,RU,1711768892
240,pacasmayo,-7.4006,-79.5714,296.05,77,75,4.34,PE,1711768892
241,miyako,39.6367,141.9525,285.23,54,11,6.98,JP,1711768892
242,berdigestyakh,62.0989,126.6992,255.93,80,14,4.27,RU,1711768893
243,nampula,-15.1165,39.2666,291.59,98,99,1.66,MZ,1711768893
244,bucerias,20.75,-105.3333,295.92,94,0,2.57,MX,1711768893
245,gadzhiyevo,69.2551,33.3362,259.58,100,92,2.16,RU,1711768893
246,qaqortoq,60.7167,-46.0333,263.63,82,5,2.83,GL,1711768893
247,mizdah,31.4451,12.9801,289.42,26,0,3.0,LY,1711768894
248,keflavik,64.0049,-22.5624,273.39,69,0,10.8,IS,1711768894
249,happy valley-goose bay,53.3168,-60.3315,273.32,100,100,8.75,CA,1711768894
250,moyynkum,44.2914,72.9469,281.3,51,100,4.65,KZ,1711768894
251,santa ana,33.7456,-117.8678,288.29,71,0,5.66,US,1711768833
252,capao bonito,-24.0058,-48.3494,292.14,93,98,1.75,BR,1711768488
253,luderitz,-26.6481,15.1594,289.81,82,8,2.53,NA,1711768895
254,fort st. john,56.2499,-120.8529,270.09,54,0,4.63,CA,1711768874
255,castillos,-34.1667,-53.8333,292.59,94,1,1.61,UY,1711768895
256,port hueneme,34.1478,-119.1951,287.34,81,100,5.66,US,1711768895
257,fisterra,42.9049,-9.2629,280.23,73,100,5.29,ES,1711768895
258,bac lieu,9.285,105.7244,304.39,62,77,6.32,VN,1711768896
259,payyannur,12.1,75.2,302.34,69,36,1.54,IN,1711768896
260,natal,-5.795,-35.2094,299.27,94,75,2.57,BR,1711768846
261,ust'-ilimsk,58.0006,102.6619,265.06,70,100,4.92,RU,1711768894
262,cabedelo,-6.9811,-34.8339,299.52,86,100,3.23,BR,1711768896
263,siwa oasis,29.2041,25.5195,289.32,61,0,2.92,EG,1711768897
264,schubelbach,47.1733,8.9281,291.23,85,76,4.31,CH,1711768897
265,holualoa,19.6228,-155.9522,297.06,85,75,3.09,US,1711768897
266,alice springs,-23.7,133.8833,304.9,45,40,3.6,AU,1711768756
267,jeremie,18.65,-74.1167,298.7,85,76,8.01,HT,1711768600
268,howrah,22.5892,88.3103,302.15,84,75,0.0,IN,1711768898
269,viqueque,-8.8673,126.3658,302.88,73,72,2.48,TL,1711768898
270,tofol,5.3248,163.0078,303.03,79,100,7.72,FM,1711768898
271,siddipet,18.1,78.85,305.42,26,1,5.81,IN,1711768898
272,le vauclin,14.5452,-60.8388,298.18,78,40,1.03,MQ,1711768898
273,vadso,70.0744,29.7487,268.24,68,100,7.2,NO,1711768899
274,farafangana,-22.8167,47.8333,296.19,92,20,1.59,MG,1711768899
275,quellon,-43.1167,-73.6167,280.83,88,10,2.59,CL,1711768899
276,chilliwack,49.1747,-121.9443,282.58,86,27,3.13,CA,1711768870
277,sosnovka,56.255,51.2842,274.73,93,94,4.67,RU,1711768899
278,howard springs,-12.497,131.047,302.58,90,37,1.89,AU,1711768900
279,tabas,33.5959,56.9244,286.52,38,0,1.3,IR,1711768900
280,ishigaki,24.3448,124.1572,297.22,88,75,2.57,JP,1711768900
281,bulayevo,54.9056,70.4439,270.04,92,100,6.05,KZ,1711768900
282,mount pearl,47.5166,-52.7813,283.34,95,100,7.72,CA,1711768632
283,mananara,-16.1667,49.7667,296.4,93,86,1.96,MG,1711768901
284,pabrade,55.0,25.7833,281.62,73,96,3.95,LT,1711768901
285,paracuru,-3.41,-39.0306,299.34,91,29,2.44,BR,1711768901
286,winters,38.5249,-121.9708,283.99,88,75,4.12,US,1711768902
287,usinsk,65.9939,57.5281,258.19,93,71,7.6,RU,1711768902
288,midvagur,62.0511,-7.1939,280.61,76,100,6.69,FO,1711768902
289,tarawa,1.419,172.984,304.2,79,20,4.12,KI,1711768903
290,anaconda,46.1285,-112.9423,272.7,82,99,0.94,US,1711768903
291,kruisfontein,-34.0033,24.7314,290.86,84,61,2.4,ZA,1711768903
292,nogliki,51.8333,143.1667,272.78,90,100,5.36,RU,1711768904
293,zalingei,12.9096,23.4741,299.08,12,91,6.47,SD,1711768904
294,fale old settlement,-9.3852,-171.2468,302.64,73,42,3.15,TK,1711768904
295,nar'yan-mar,67.6713,53.087,253.21,98,30,3.58,RU,1711768905
296,parras de la fuente,25.4167,-102.1833,294.43,12,0,2.5,MX,1711768905
297,sechura,-5.5569,-80.8222,297.99,66,68,5.14,PE,1711768905
298,al hoceima,35.2433,-3.9309,288.72,48,40,3.6,MA,1711768906
299,kresttsy,58.2452,32.5165,278.46,89,100,4.15,RU,1711768906
300,shanhecun,44.7,127.2,273.94,37,98,7.64,CN,1711768906
301,bridgewater,44.3835,-64.5155,277.65,99,100,7.2,CA,1711768907
302,san jose del cabo,23.0589,-109.6977,295.25,73,0,1.03,MX,1711768749
303,cafayate,-26.073,-65.9761,293.43,77,62,1.68,AR,1711768830
304,huarmey,-10.0681,-78.1522,296.34,85,97,3.68,PE,1711768907
305,joaima,-16.6542,-41.0306,295.91,98,57,0.96,BR,1711768908
306,lodja,-3.4833,23.4333,294.67,99,93,0.71,CD,1711768908
307,tral,33.9333,75.1,282.18,92,100,2.56,IN,1711768908
308,motygino,58.1831,94.7592,268.59,96,100,4.92,RU,1711768909
309,labrador city,52.9463,-66.9114,273.1,97,100,5.66,CA,1711768909
310,guangyuan,32.442,105.823,296.48,40,100,2.15,CN,1711768909
311,loukhi,66.0764,33.0381,263.26,96,51,2.51,RU,1711768909
312,mogocha,53.7333,119.7667,261.71,75,100,6.06,RU,1711768909
313,rudnyy,52.9594,63.1206,266.28,94,38,4.6,KZ,1711768910
314,sinabang,2.4803,96.3801,300.73,78,87,1.11,ID,1711768705
315,indianola,41.3581,-93.5574,289.07,78,100,2.17,US,1711768910
316,jiagedaqi,50.4167,124.1167,269.32,64,100,4.31,CN,1711768910
317,buenavista,8.9769,125.4089,306.49,52,12,1.27,PH,1711768911
318,alaghsas,17.0187,8.0168,299.42,9,31,1.43,NE,1711768911
319,benghazi,32.1167,20.0667,290.56,45,0,5.58,LY,1711768911
320,kwangyang,34.9753,127.5892,289.38,46,46,3.06,KR,1711768825
321,grootfontein,-19.5667,18.1167,290.91,88,100,2.06,NA,1711768911
322,juneau,58.3019,-134.4197,280.15,85,100,4.12,US,1711768912
323,mutuali,-14.8706,37.0044,291.03,95,61,1.04,MZ,1711768912
324,conduaga,8.862,117.4893,305.16,55,56,2.29,PH,1711768912
325,east london,-33.0153,27.9116,291.67,88,20,2.06,ZA,1711768913
326,saint-philippe,-21.3585,55.7679,298.92,75,100,2.59,RE,1711768913
327,scottsbluff,41.8666,-103.6672,280.25,57,40,4.12,US,1711768904
328,huayucachi,-12.1333,-75.2333,283.34,85,95,0.71,PE,1711768913
329,the pas,53.8251,-101.2541,268.16,93,100,3.6,CA,1711768913
330,las terrenas,19.311,-69.5428,297.89,76,66,3.77,DO,1711768914
331,balqash,46.8481,74.995,279.48,70,40,8.0,KZ,1711768914
332,chanute,37.6792,-95.4572,293.97,56,100,4.12,US,1711768900
333,nabire,-3.3667,135.4833,304.11,64,65,2.45,ID,1711768914
334,susuman,62.7833,148.1667,268.14,86,100,4.02,RU,1711768914
335,tuy hoa,13.0833,109.3,303.44,65,100,2.41,VN,1711768915
336,margate,51.3813,1.3862,283.09,89,87,2.68,GB,1711768696
337,cannonvale,-20.2833,148.7,300.81,58,49,8.13,AU,1711768915
338,kalevala,65.2,31.1667,269.31,89,98,4.02,RU,1711768915
339,san juan,-31.5375,-68.5364,300.79,40,0,1.95,AR,1711768719
340,mata-utu,-13.2816,-176.1745,302.65,71,50,2.76,WF,1711768916
341,flying fish cove,-10.4217,105.6791,300.97,83,100,5.14,CX,1711768689
342,diego de almagro,-26.3667,-70.05,293.16,50,13,0.5,CL,1711768916
343,cestos city,5.46,-9.5828,300.02,90,94,2.1,LR,1711768916
344,boca do acre,-8.7522,-67.3978,296.91,98,100,1.09,BR,1711768916
345,bom jesus,-9.0744,-44.3586,299.08,68,45,0.3,BR,1711768917
346,harper,4.375,-7.7169,300.29,91,100,3.07,LR,1711768917
347,codrington,-38.2667,141.9667,296.68,43,0,4.75,AU,1711768917
348,shakawe,-18.3667,21.85,293.51,88,100,2.05,BW,1711768917
349,kill devil hills,36.0307,-75.676,286.47,66,0,2.06,US,1711768637
350,la reforma,25.0833,-108.05,291.08,79,10,1.64,MX,1711768918
351,aldinga beach,-35.2793,138.4604,307.1,33,0,2.61,AU,1711768918
352,necochea,-38.5473,-58.7368,293.88,81,36,3.75,AR,1711768836
353,kingston,17.997,-76.7936,300.68,75,20,1.03,JM,1711768734
354,glace bay,46.1969,-59.957,282.91,98,100,9.26,CA,1711768919
355,dean funes,-30.4204,-64.3498,294.72,58,0,2.49,AR,1711768919
356,yuzhno-kurilsk,44.0306,145.8556,277.8,92,34,6.81,RU,1711768919
357,leh,34.1667,77.5833,269.24,71,74,1.42,IN,1711768919
358,rawson,-43.3002,-65.1023,287.67,33,62,9.89,AR,1711768846
359,labytnangi,66.6572,66.4183,261.75,95,100,1.7,RU,1711768920
360,rabo de peixe,37.8,-25.5833,287.88,72,20,7.2,PT,1711768920
361,verkhnevilyuysk,63.4453,120.3167,258.0,83,61,1.65,RU,1711768920
362,togur,58.3631,82.8265,274.9,93,73,2.68,RU,1711768921
363,kangding,30.0513,101.9603,285.85,70,97,1.19,CN,1711768921
364,shimoda,34.6667,138.95,296.54,53,2,10.41,JP,1711768921
365,shahritus,37.2637,68.1385,281.74,81,100,2.03,TJ,1711768921
366,wewak,-3.5534,143.6268,302.55,79,46,3.77,PG,1711768921
367,shizuishan,39.2333,106.7694,287.85,19,3,5.35,CN,1711768921
368,stephenville,32.2207,-98.2023,292.67,67,0,2.57,US,1711768685
369,tingi,-11.3,35.0333,290.62,96,96,1.9,TZ,1711768922
370,machali,-34.1833,-70.6667,293.66,43,0,1.2,CL,1711768922
371,barcelos,41.5388,-8.6151,284.18,89,100,1.38,PT,1711768714
372,saint-pierre,-21.3393,55.4781,298.97,73,0,2.06,RE,1711768705
373,kouango,4.9934,19.9619,298.34,53,70,1.45,CF,1711768922
374,dunedin,-45.8742,170.5036,289.71,63,11,2.24,NZ,1711768923
375,upington,-28.4478,21.2561,293.36,49,0,0.0,ZA,1711768923
376,cumnock,55.4544,-4.2664,280.48,97,81,3.5,GB,1711768923
377,chos malal,-37.3781,-70.2709,290.35,53,69,2.07,AR,1711768923
378,goondiwindi,-28.55,150.3167,301.78,42,16,1.04,AU,1711768923
379,petropavlovsk-kamchatsky,53.0452,158.6483,273.48,83,0,5.0,RU,1711768924
380,rio gallegos,-51.6226,-69.2181,277.37,60,45,11.69,AR,1711768689
381,nuuk,64.1835,-51.7216,269.49,74,12,1.03,GL,1711768924
382,saint-francois,46.4154,3.9054,288.84,45,100,9.26,FR,1711768823
383,lucapa,-8.4192,20.7447,292.23,97,100,0.73,AO,1711768924
384,hakui,36.8833,136.7833,291.05,64,2,4.71,JP,1711768925
385,ceerigaabo,10.6162,47.368,289.59,70,46,1.56,SO,1711768925
386,coari,-4.085,-63.1414,297.64,97,93,1.36,BR,1711768858
387,marsa alam,25.0757,34.8918,294.85,67,0,4.92,EG,1711768925
388,aldama,22.9167,-98.0667,295.65,82,41,2.52,MX,1711768926
389,medvezh'yegorsk,62.9167,34.4667,272.72,98,100,3.31,RU,1711768927
390,hammerfest,70.6634,23.6821,268.4,80,100,3.6,NO,1711768927
391,beya,53.0533,90.9139,279.0,77,100,1.39,RU,1711768927
392,amungan,15.3652,119.9582,304.12,59,97,2.94,PH,1711768927
393,antalaha,-14.9003,50.2788,296.37,92,100,1.73,MG,1711768928
394,balabac,7.9868,117.0645,303.09,69,67,6.59,PH,1711768928
395,konarka,19.9,86.1167,303.24,61,3,7.52,IN,1711768928
396,cidreira,-30.1811,-50.2056,293.82,83,100,2.42,BR,1711768929
397,maumere,-8.6199,122.2111,303.02,74,59,2.47,ID,1711768929
398,dhamtari,20.7072,81.5497,306.86,29,68,5.15,IN,1711768929
399,lerwick,60.1545,-1.1494,280.15,90,51,6.01,GB,1711768930
400,pangai,-19.8,-174.35,301.21,83,75,3.09,TO,1711768930
401,puerto baquerizo moreno,-0.9,-89.6,298.5,81,68,4.33,EC,1711768930
402,el paso,31.8001,-106.2005,296.96,13,0,7.72,US,1711768899
403,salzwedel,52.85,11.15,283.99,92,100,2.65,DE,1711768931
404,xai-xai,-25.0519,33.6442,296.17,83,21,4.74,MZ,1711768931
405,puerto deseado,-47.7503,-65.8938,282.39,39,22,4.4,AR,1711768931
406,hadibu,12.65,54.0333,299.19,68,94,3.64,YE,1711768931
407,lamu,-2.2717,40.902,301.17,78,56,3.21,KE,1711768932
408,chaman,30.9236,66.4512,285.67,56,60,3.1,PK,1711768932
409,santa sylvina,-27.8326,-61.1375,299.29,67,0,3.28,AR,1711768932
410,polyarnyy,69.1989,33.4478,259.67,100,92,2.54,RU,1711768932
411,ripoll,42.2006,2.1903,282.99,88,100,0.45,ES,1711768932
412,pimentel,-6.8367,-79.9342,297.31,73,0,6.17,PE,1711768933
413,salalah,17.0151,54.0924,298.2,57,0,3.09,OM,1711768933
414,la passe,45.5549,-0.8967,280.36,93,100,5.78,FR,1711768933
415,mirnyy,62.5353,113.9611,260.02,81,7,0.69,RU,1711768933
416,khanty-mansiysk,61.0042,69.0019,261.21,72,0,2.0,RU,1711768802
417,dampit,-8.2116,112.7493,302.61,66,49,2.22,ID,1711768934
418,lazaro cardenas,17.9583,-102.2,295.74,74,68,1.41,MX,1711768934
419,ati,13.2154,18.3353,300.43,13,100,4.35,TD,1711768934
420,kudligi,14.9,76.3833,301.51,45,18,2.61,IN,1711768935
421,sandnessjoen,66.0217,12.6316,272.44,70,100,7.27,NO,1711768935
422,ambovombe,-25.1667,46.0833,294.97,88,100,2.01,MG,1711768935
423,san jose,37.3394,-121.895,284.38,86,75,6.69,US,1711768672
424,westport,41.1415,-73.3579,278.57,55,0,4.63,US,1711768665
425,gizo,-8.103,156.8419,302.39,76,99,2.22,SB,1711768936
426,yonggwang-up,40.0183,127.4547,282.86,44,26,6.58,KP,1711768936
427,haiku-pauwela,20.9219,-156.3051,297.18,72,40,11.32,US,1711768936
428,gremyachevo,54.7503,38.5869,276.5,87,100,4.02,RU,1711768936
429,nanning,22.8167,108.3167,296.4,65,6,2.55,CN,1711768937
430,al ghayzah,16.2079,52.176,298.31,63,47,1.37,YE,1711768937
431,ilebo,-4.3167,20.5833,295.28,97,40,0.39,CD,1711768937
432,shijiazhuang,38.0414,114.4786,296.07,18,3,2.39,CN,1711768937
433,mont-laurier,46.5501,-75.4993,272.94,68,9,4.98,CA,1711768938
434,tongchuanshi,35.0806,109.0897,292.93,21,76,1.82,CN,1711768938
435,pisco,-13.7,-76.2167,296.18,83,0,3.09,PE,1711768938
436,luanda,-8.8368,13.2343,299.7,86,100,2.17,AO,1711768681
437,mayya,61.7333,130.2811,258.77,79,32,3.78,RU,1711768938
438,twon-brass,4.3151,6.2418,301.92,78,100,6.2,NG,1711768938
439,strezhevoy,60.7333,77.5889,273.13,97,100,4.92,RU,1711768939
440,es castell,39.8795,4.2854,288.53,88,20,4.63,ES,1711768939
441,banda aceh,5.5577,95.3222,301.92,72,84,0.64,ID,1711768939
442,bubaque,11.2833,-15.8333,298.98,66,100,4.43,GW,1711768940
443,kota bharu,6.1333,102.2386,305.12,62,20,2.57,MY,1711768786
444,gorno-altaysk,51.9561,85.955,280.1,74,90,2.24,RU,1711768940
445,santiago de cao,-7.9589,-79.2392,295.22,88,68,3.6,PE,1711768940
446,nzega,-2.479,29.5564,286.65,91,85,2.06,RW,1711768941
447,nasiriyah,31.0521,46.261,294.43,32,100,2.95,IQ,1711768941
448,piton saint-leu,-21.2196,55.3151,297.21,73,0,2.06,RE,1711768941
449,kristiansund,63.1115,7.732,280.51,65,100,2.06,NO,1711768941
450,luena,-11.7833,19.9167,292.25,100,99,2.57,AO,1711768941
451,novoaleksandrovsk,45.4948,41.2207,282.87,88,42,8.29,RU,1711768942
452,nizhnyaya tavda,57.6731,66.1725,264.54,93,56,2.13,RU,1711768942
453,beohari,24.05,81.3833,303.99,26,43,2.7,IN,1711768942
454,bereeda,11.8704,51.0579,299.11,78,76,4.9,SO,1711768942
455,madimba,-10.4,40.3333,297.35,93,21,2.85,TZ,1711768943
456,gaspe,48.8334,-64.4819,276.1,100,100,2.57,CA,1711768683
457,inza,53.8533,46.3586,276.26,95,100,4.37,RU,1711768943
458,timbuktu,16.7735,-3.0074,302.62,18,59,4.15,ML,1711768943
459,ilha de mocambique,-15.0342,40.7358,297.55,88,95,5.17,MZ,1711768943
460,longmen,24.9597,118.0889,298.49,55,45,3.0,CN,1711768944
461,rio grande,-32.035,-52.0986,295.17,90,5,5.21,BR,1711768445
462,hoi an,15.8794,108.335,304.13,73,100,2.84,VN,1711768944
463,papao,-17.75,-149.55,303.97,79,90,8.67,PF,1711768944
464,brookings,44.3114,-96.7984,275.15,86,0,4.63,US,1711768859
465,ghanzi,-21.5667,21.7833,292.85,76,97,1.08,BW,1711768945
466,mao,39.8885,4.2658,288.46,88,20,4.63,ES,1711768945
467,kapit,2.0167,112.9333,304.63,66,97,0.63,MY,1711768945
468,heihe,50.2441,127.4902,272.84,57,100,5.84,CN,1711768945
469,road town,18.4167,-64.6167,299.55,60,69,5.48,VG,1711768917
470,goz beida,13.95,20.55,301.37,10,100,6.04,TD,1711768945
471,laojunmiao,39.8333,97.7333,286.58,18,8,2.86,CN,1711768946
472,aswan,24.0934,32.907,293.47,43,0,3.69,EG,1711768946
473,kasserine,35.1676,8.8365,286.02,40,0,1.12,TN,1711768946
474,tshabong,-26.05,22.45,294.23,32,4,3.99,BW,1711768946
475,mejit,10.2753,170.8646,300.4,78,78,8.1,MH,1711768947
476,mossel bay,-34.1831,22.146,288.11,84,92,3.21,ZA,1711768947
477,qalat,32.1058,66.9083,283.34,65,56,7.21,AF,1711768947
478,kayenta,36.7278,-110.2546,284.62,31,96,11.0,US,1711768947
479,toliara,-23.35,43.6667,296.06,85,84,3.06,MG,1711768947
480,la ronge,55.1001,-105.2842,268.29,86,100,2.06,CA,1711768948
481,valverde del camino,37.5751,-6.7543,283.17,86,100,5.63,ES,1711768948
482,cockburn town,21.4612,-71.1419,297.68,70,96,9.41,TC,1711768948
483,can,40.0333,27.0524,287.06,82,100,1.19,TR,1711768948
484,kostopil',50.8784,26.4519,283.05,71,97,4.87,UA,1711768948
485,queenstown,-31.8976,26.8753,285.37,91,66,1.3,ZA,1711768949
486,haimen,23.1935,116.6142,299.09,74,99,2.96,CN,1711768803
487,primero de mayo,-32.2552,-58.4228,294.57,78,0,2.18,AR,1711768949
488,feicheng,35.2606,117.9675,294.48,21,100,7.62,CN,1711768949
489,ha tinh,18.3333,105.9,303.56,64,3,0.58,VN,1711768950
490,new norfolk,-42.7826,147.0587,291.88,44,49,1.17,AU,1711768950
491,berd,40.8815,45.3899,281.04,57,87,2.74,AM,1711768951
492,san jeronimo de juarez,17.1333,-100.4667,297.79,62,8,2.15,MX,1711768951
493,kincardine,56.0667,-3.7167,280.27,94,18,1.22,GB,1711768951
494,moab,38.5733,-109.5498,284.6,54,100,0.65,US,1711768669
495,cabrobo,-8.5142,-39.31,298.1,77,74,7.21,BR,1711768952
496,xilin hot,43.9667,116.0333,271.6,26,1,7.19,CN,1711768952
497,remire-montjoly,4.9167,-52.2667,297.17,94,100,2.06,GF,1711768953
498,anloga,5.7947,0.8973,302.06,83,100,7.35,GH,1711768953
499,nadi,-17.8,177.4167,298.15,94,75,1.54,FJ,1711768954
500,pleiku,13.9833,108.0,304.91,38,100,1.38,VN,1711768954
501,mugia,43.1041,-9.2179,280.32,77,100,5.03,ES,1711768954
502,kadi,23.3,72.3333,298.07,43,30,5.45,IN,1711768955
503,swan hill,-35.3378,143.5544,305.78,23,7,0.58,AU,1711768955
504,linxia chengguanzhen,35.6003,103.2064,286.85,22,0,1.0,CN,1711768955
505,tenno,39.9,139.9667,284.71,59,44,8.16,JP,1711768956
506,ha'il,27.5219,41.6907,286.16,100,75,8.37,SA,1711768956
507,yuyao,30.05,121.1494,300.02,44,99,0.15,CN,1711768956
508,grand falls-windsor,48.9332,-55.6649,280.46,99,100,1.91,CA,1711768721
509,luna,10.9667,123.2333,301.76,69,27,5.69,PH,1711768957
510,magadan,59.5667,150.8,271.72,71,100,0.95,RU,1711768957
511,timra,62.487,17.3257,272.97,100,100,1.03,SE,1711768958
512,rockingham,42.9668,-71.0995,278.6,55,100,2.24,US,1711768955
513,chiredzi,-21.05,31.6667,290.91,84,40,1.85,ZW,1711768958
514,zuwarah,32.9312,12.082,295.63,31,0,8.49,LY,1711768959
515,kidal,18.4411,1.4078,301.71,17,100,4.47,ML,1711768959
516,waingapu,-9.6567,120.2641,302.69,71,14,2.64,ID,1711768959
517,ilhabela,-23.7781,-45.3581,296.73,91,95,1.27,BR,1711768946
518,lakhipur,26.0299,90.3041,301.67,49,100,2.21,IN,1711768959
519,cozumel,20.5083,-86.9458,296.37,61,0,4.47,MX,1711768948
520,krasnotur'insk,59.7666,60.2086,270.74,92,100,3.61,RU,1711768960
521,dubbo,-32.25,148.6167,302.22,37,0,2.57,AU,1711768960
522,manhattan,40.7834,-73.9662,279.27,51,0,7.72,US,1711768692
523,argo,37.6333,22.7333,287.34,58,10,1.18,GR,1711768961
524,alofi,-19.0595,-169.9187,299.09,89,100,4.12,NU,1711768961
525,savannakhet,16.566,104.751,301.16,74,40,1.03,LA,1711768961
526,dawei,14.0833,98.2,307.18,35,8,1.82,MM,1711768961
527,acarau,-2.8856,-40.12,299.49,90,8,2.94,BR,1711768962
528,mount gambier,-37.8333,140.7667,300.33,31,0,1.72,AU,1711768950
529,nizhniy kuranakh,58.8353,125.4869,258.72,80,100,3.61,RU,1711768962
530,ufa,54.775,56.0375,266.8,95,85,2.24,RU,1711768735
531,mangrol,21.1167,70.1167,298.46,70,0,7.05,IN,1711768962
532,portland,45.5234,-122.6762,286.62,54,69,0.89,US,1711768850
533,nahiyat ash shinafiyah,31.5874,44.6602,294.49,33,100,2.46,IQ,1711768963
534,bonthe,7.5264,-12.505,297.9,82,90,1.08,SL,1711768963
535,touros,-5.1989,-35.4608,299.56,88,88,2.48,BR,1711768963
536,vernon,50.2581,-119.2691,280.5,66,35,2.57,CA,1711768963
537,samraong,12.4526,105.5873,307.21,44,100,1.79,KH,1711768964
538,vangviang,18.9333,102.45,305.39,48,12,1.61,LA,1711768964
539,sargatskoye,55.6101,73.4972,273.34,88,91,2.78,RU,1711768964
540,bontang,0.1333,117.5,300.39,83,99,2.3,ID,1711768964
541,saynshand,44.8824,110.1163,275.97,28,100,3.92,MN,1711768964
542,escanaba,45.7453,-87.0646,274.32,80,100,0.0,US,1711768759
543,cabo san lucas,22.8909,-109.9124,293.99,74,1,4.41,MX,1711768965
544,pointe aux piments,-20.0628,57.5131,299.54,91,100,3.72,MU,1711768965
545,khandyga,62.6667,135.6,261.14,89,100,2.18,RU,1711768965
546,ebon,4.582,168.6964,301.52,81,100,9.05,MH,1711768966
547,kailua-kona,19.6406,-155.9956,299.13,85,75,3.09,US,1711768684
548,daman,20.4167,72.85,300.94,62,71,0.48,IN,1711768966
549,klaksvik,62.2266,-6.589,280.66,88,75,8.36,FO,1711768966
550,sao jose da coroa grande,-8.8978,-35.1478,300.83,77,98,4.49,BR,1711768966
551,calauag,13.9575,122.2875,304.89,44,100,0.54,PH,1711768966
552,gua musang,4.8823,101.9644,304.9,60,100,0.39,MY,1711768967
553,kerikeri,-35.2268,173.9474,293.1,47,2,0.45,NZ,1711768967
554,aoji,42.5206,130.3953,280.39,24,0,7.62,KP,1711768967
555,xiaogan,30.9167,113.9,301.2,50,2,4.82,CN,1711768776
556,arkhangel'sk,64.5401,40.5433,269.33,86,40,5.0,RU,1711768967
557,nueva rosita,27.95,-101.2167,297.83,44,49,4.28,MX,1711768968
558,toguchin,55.2353,84.3858,276.56,89,100,5.04,RU,1711768968
559,alvaraes,-3.2208,-64.8042,298.77,92,89,0.9,BR,1711768832
560,ocean shores,46.9737,-124.1563,283.36,89,42,2.24,US,1711768870
561,shingu,33.7333,135.9833,294.62,43,23,1.67,JP,1711768969
562,pandan,14.0453,124.1694,302.03,60,67,3.71,PH,1711768969
563,kayangel,8.0823,134.7173,301.26,81,19,8.41,PW,1711768969
564,okhotsk,59.3833,143.3,272.16,84,100,9.24,RU,1711768969
565,sanctuary point,-35.1114,150.629,300.48,57,0,2.97,AU,1711768969
566,camana,-16.6228,-72.7111,296.49,85,26,2.97,PE,1711768970
567,mukalla,14.5425,49.1242,299.04,70,62,2.41,YE,1711768970
568,gamay,12.3854,125.2979,302.68,59,8,3.78,PH,1711768970
569,geraldton,-28.7667,114.6,301.38,39,75,3.09,AU,1711768970
570,nouna,12.7333,-3.8667,305.82,15,100,1.49,BF,1711768970
571,ploudalmezeau,48.5333,-4.65,279.29,93,0,3.09,FR,1711768971
572,san patricio,28.017,-97.5169,294.73,75,61,6.94,US,1711768971
573,puerto armuelles,8.2833,-82.8667,303.2,62,85,4.47,PA,1711768782
574,pacific grove,36.6177,-121.9166,284.5,88,49,1.79,US,1711768971
575,nedryhayliv,50.834,33.8763,278.83,92,6,3.0,UA,1711768972
576,swift current,50.2834,-107.8014,265.6,79,0,3.09,CA,1711768972
577,galdar,28.147,-15.6502,289.46,67,9,3.78,ES,1711768972
578,berezovyy,51.6667,135.7,275.3,86,100,2.18,RU,1711768972
579,lodwar,3.1191,35.5973,301.54,60,19,3.2,KE,1711768972
580,tralee,52.2704,-9.7026,276.69,93,99,2.86,IE,1711768866
581,lombardia,19.15,-102.0333,297.46,18,43,2.4,MX,1711768973
582,jaisalmer,26.9147,70.9181,296.45,35,0,6.4,IN,1711768973
583,ta`u,-14.2336,-169.5144,302.52,74,83,3.12,AS,1711768973
584,malard,35.6659,50.9767,283.25,31,0,4.12,IR,1711768974
585,suwannaphum,15.6035,103.8021,307.51,46,6,4.29,TH,1711768974
586,adrar,20.5022,-10.0711,292.15,29,2,4.83,MR,1711768974
